{"task1": {"||u||": 3.7416573867739413, "||v||": 3.7416573867739413, "<u, v>": 6, "cos": 0.42857142857142855}, "task2": {"||u||": 3.7416573867739413, "||v||": 3.7416573867739413, "<u, v>": {"__complex__": [6.0, 0.0]}, "cos": {"__complex__": [0.42857142857142855, 0.0]}}, "task3": {"||u||": 3.0, "||v||": 1.7320508075688772, "<u, v>": {"__complex__": [2.0, 3.0]}, "cos": {"__complex__": [0.3849001794597505, 0.5773502691896257]}}}